<?xml version="1.0" encoding="UTF-8" standalone="yes"?>
<addon id="repository.kme" name="[COLOR white]KME[/COLOR] [COLOR FF028ddd]TV[/COLOR] [COLOR white]Repo[/COLOR]" version="1.0.1" provider-name="KME">
	<requires>
		<import addon="xbmc.addon" version="12.0.0"/>
	</requires>
	<extension point="xbmc.addon.repository" name="KME TV Repo">
		<dir minversion="17.0.0">
			<info>https://github.com/kmegroup/repo/raw/master/addons.xml</info>
			<checksum>https://github.com/kmegroup/repo/raw/master/addons.xml.md5</checksum>
			<datadir zip="true">https://github.com/kmegroup/repo/raw/master/</datadir>
		</dir>	
	</extension>
    <extension point="xbmc.addon.metadata">
        <summary>KME TV</summary>
        <description>
		For Support Text Ken
		</description>
        <platform>all</platform>
    </extension>
</addon>