<?xml version="1.0" encoding="UTF-8" standalone="yes"?>
<addon id="repository.kme" name="[COLOR white]KME[/COLOR] [COLOR FF028ddd]TV[/COLOR] [COLOR white]Repo[/COLOR]" version="1.0.1" provider-name="KME">
	<extension point="xbmc.addon.repository" name="KME TV Repo">
		<info>https://github.com/kmegroup/repo/raw/master/addons.xml</info>
		<checksum>https://github.com/kmegroup/repo/raw/master/addons.xml.md5</checksum>
		<datadir zip="true">https://github.com/kmegroup/repo/raw/master/</datadir>
	</extension>
    <extension point="xbmc.addon.metadata">
        <summary>KME TV</summary>
        <platform>all</platform>
    </extension>
</addon>